N° ID;Plate-forme;N° prg;Latitude;Latitude (degré décimal);Longitude;Longitude  (degré décimal);Cap;Vitesse;Qualité loc.;Date de loc.;Altitude;Passage;Sat.;Frequence;Date Msg;Comp;Msg;> - 120 DB;Best level;Delta freq.;Long. 1;Lat. 1;Long. 2;Lat. 2;Loc idx;Nopc;Rayon d'erreur;Demi-grand axe;Demi-petit axe;Angle d'ellipse;GDOP;Nom du format;SENSOR #01;SENSOR #02;SENSOR #03;SENSOR #04;SENSOR #05;SENSOR #06;SENSOR #07;SENSOR #08;SENSOR #09;SENSOR #10;SENSOR #11;SENSOR #12;SENSOR #13;SENSOR #14;SENSOR #15;SENSOR #16;SENSOR #17;SENSOR #18;SENSOR #19;SENSOR #20;SENSOR #21;SENSOR #22;SENSOR #23;SENSOR #24;SENSOR #25;SENSOR #26;SENSOR #27;SENSOR #28;SENSOR #29;SENSOR #30;SENSOR #31
154182;;6145;"22° 22' 41""S";22,3780555556;"169° 02' 10""E";169,0361111111;;;1;2016/09/23 03:33:55;0.000;455;NP;401677127.94;2016/09/23 03:30:34;1;6;0;-124;677127.9;"169° 02' 10""E";"22° 22' 41""S";"169° 02' 10""E";"22° 22' 41""S";50;3;973;4353;217;98;461;FORMAT TEMPL. 31X8-A1 ;63;105;162;26;225;128;65;128;00;00;00;;;;;;;;;;;;;;;;;;;;
154182;;6145;"22° 22' 41""S";22,3780555556;"169° 02' 10""E";169,0361111111;;;1;2016/09/23 03:33:55;0.000;455;NP;401677127.94;2016/09/23 03:31:21;1;6;0;-124;677127.9;"169° 02' 10""E";"22° 22' 41""S";"169° 02' 10""E";"22° 22' 41""S";50;3;973;4353;217;98;461;FORMAT TEMPL. 31X8-A1 ;17;118;210;26;226;00;56;16;188;00;00;;;;;;;;;;;;;;;;;;;;
154182;;6145;"22° 22' 41""S";22,3780555556;"169° 02' 10""E";169,0361111111;;;1;2016/09/23 03:33:55;0.000;455;NP;401677127.94;2016/09/23 03:32:09;1;6;0;-124;677127.9;"169° 02' 10""E";"22° 22' 41""S";"169° 02' 10""E";"22° 22' 41""S";50;3;973;4353;217;98;461;FORMAT TEMPL. 31X8-A1 ;63;90;162;26;249;128;65;128;09;199;68;;;;;;;;;;;;;;;;;;;;
154182;;6145;"22° 22' 41""S";22,3780555556;"169° 02' 10""E";169,0361111111;;;1;2016/09/23 03:33:55;0.000;455;NP;401677127.94;2016/09/23 03:37:23;1;6;0;-124;677127.9;"169° 02' 10""E";"22° 22' 41""S";"169° 02' 10""E";"22° 22' 41""S";50;3;973;4353;217;98;461;FORMAT TEMPL. 31X8-A1 ;17;69;210;26;210;00;120;16;188;00;00;;;;;;;;;;;;;;;;;;;;
154182;;6145;"22° 22' 41""S";22,3780555556;"169° 02' 10""E";169,0361111111;;;1;2016/09/23 03:33:55;0.000;455;NP;401677127.94;2016/09/23 03:38:09;1;6;0;-124;677127.9;"169° 02' 10""E";"22° 22' 41""S";"169° 02' 10""E";"22° 22' 41""S";50;3;973;4353;217;98;461;FORMAT TEMPL. 31X8-A1 ;113;75;178;27;193;129;65;128;00;00;01;;;;;;;;;;;;;;;;;;;;
154182;;6145;"22° 22' 21""S";22,3725;"169° 02' 10""E";169,0361111111;;;B;2016/09/23 05:15:33;0.000;0;NP;401677142.42;2016/09/23 05:15:33;1;1;0;-136;677142.4;"169° 02' 10""E";"22° 22' 21""S";"169° 02' 10""E";"22° 22' 21""S";8;3;6492;7632;5522;90;3799;FORMAT TEMPL. 31X8-A1 ;117;193;162;28;225;16;162;170;100;239;185;;;;;;;;;;;;;;;;;;;;
154182;;6145;"22° 21' 41""S";22,3613888889;"169° 02' 36""E";169,0433333333;;;B;2016/09/23 05:31:34;0.000;0;SR;401677120.63;2016/09/23 05:31:35;1;1;0;-137;677120.6;"169° 02' 36""E";"22° 21' 41""S";"169° 02' 36""E";"22° 21' 41""S";6;3;5574;7568;4104;107;3766;FORMAT TEMPL. 31X8-A1 ;31;169;194;28;146;00;120;16;190;00;00;;;;;;;;;;;;;;;;;;;;
154182;;6145;"22° 21' 17""S";22,3547222222;"169° 02' 28""E";169,0411111111;;;B;2016/09/23 07:08:44;0.000;0;SR;401677116.58;2016/09/23 07:08:44;1;1;0;-133;677116.6;"169° 02' 28""E";"22° 21' 17""S";"169° 02' 28""E";"22° 21' 17""S";8;3;6211;9556;4037;82;4693;FORMAT TEMPL. 31X8-A1 ;17;118;210;26;226;00;120;16;188;00;00;;;;;;;;;;;;;;;;;;;;
154182;;6145;"22° 19' 06""S";22,3183333333;"169° 05' 31""E";169,0919444444;;;A;2016/09/23 07:43:05;0.000;91;NN;401677122.60;2016/09/23 07:42:20;1;3;0;-125;677122.6;"169° 05' 31""E";"22° 19' 06""S";"169° 05' 31""E";"22° 19' 06""S";8;3;1521;10264;225;54;1605;FORMAT TEMPL. 31X8-A1 ;187;218;82;110;59;00;125;127;41;148;83;107;206;141;102;221;138;144;49;01;46;88;52;205;00;218;94;224;48;00;00
154182;;6145;"22° 19' 06""S";22,3183333333;"169° 05' 31""E";169,0919444444;;;A;2016/09/23 07:43:05;0.000;91;NN;401677122.60;2016/09/23 07:43:06;1;3;0;-125;677122.6;"169° 05' 31""E";"22° 19' 06""S";"169° 05' 31""E";"22° 19' 06""S";8;3;1521;10264;225;54;1605;FORMAT TEMPL. 31X8-A1 ;18;53;194;24;201;36;59;200;212;79;54;;;;;;;;;;;;;;;;;;;;
154182;;6145;"22° 19' 06""S";22,3183333333;"169° 05' 31""E";169,0919444444;;;A;2016/09/23 07:43:05;0.000;91;NN;401677122.60;2016/09/23 07:43:51;1;3;0;-125;677122.6;"169° 05' 31""E";"22° 19' 06""S";"169° 05' 31""E";"22° 19' 06""S";8;3;1521;10264;225;54;1605;FORMAT TEMPL. 31X8-A1 ;63;165;162;26;33;128;65;128;00;00;00;;;;;;;;;;;;;;;;;;;;
154182;;6145;"22° 20' 04""S";22,3344444444;"169° 05' 26""E";169,0905555556;;;A;2016/09/23 07:50:56;0.000;280;NK;401677141.16;2016/09/23 07:48:35;1;3;0;-131;677141.2;"169° 05' 26""E";"22° 20' 04""S";"169° 05' 26""E";"22° 20' 04""S";6;3;407;585;283;154;444;FORMAT TEMPL. 31X8-A1 ;209;164;178;110;56;01;204;170;170;166;102;102;100;139;190;242;61;255;18;25;104;49;05;101;134;85;60;197;166;110;212
154182;;6145;"22° 20' 04""S";22,3344444444;"169° 05' 26""E";169,0905555556;;;A;2016/09/23 07:50:56;0.000;280;NK;401677141.16;2016/09/23 07:51:00;1;3;0;-131;677141.2;"169° 05' 26""E";"22° 20' 04""S";"169° 05' 26""E";"22° 20' 04""S";6;3;407;585;283;154;444;FORMAT TEMPL. 31X8-A1 ;50;181;178;25;97;128;65;128;00;00;00;;;;;;;;;;;;;;;;;;;;
154182;;6145;"22° 20' 04""S";22,3344444444;"169° 05' 26""E";169,0905555556;;;A;2016/09/23 07:50:56;0.000;280;NK;401677141.16;2016/09/23 07:53:15;1;3;0;-131;677141.2;"169° 05' 26""E";"22° 20' 04""S";"169° 05' 26""E";"22° 20' 04""S";6;3;407;585;283;154;444;FORMAT TEMPL. 31X8-A1 ;31;238;165;42;90;05;174;55;139;154;84;;;;;;;;;;;;;;;;;;;;
154182;;6145;"22° 17' 49""S";22,2969444444;"169° 11' 50""E";169,1972222222;;;0;2016/09/23 10:28:36;0.000;534;MA;401677132.78;2016/09/23 10:20:27;1;10;0;-122;677132.8;"169° 11' 50""E";"22° 17' 49""S";"169° 11' 50""E";"22° 17' 49""S";58;3;1934;71796;52;77;2200;FORMAT TEMPL. 31X8-A1 ;62;164;162;25;113;128;97;144;00;00;00;;;;;;;;;;;;;;;;;;;;
154182;;6145;"22° 17' 49""S";22,2969444444;"169° 11' 50""E";169,1972222222;;;0;2016/09/23 10:28:36;0.000;534;MA;401677132.78;2016/09/23 10:21:13;1;10;0;-122;677132.8;"169° 11' 50""E";"22° 17' 49""S";"169° 11' 50""E";"22° 17' 49""S";58;3;1934;71796;52;77;2200;FORMAT TEMPL. 31X8-A1 ;30;210;18;25;114;00;247;144;111;60;00;;;;;;;;;;;;;;;;;;;;
154182;;6145;"22° 17' 49""S";22,2969444444;"169° 11' 50""E";169,1972222222;;;0;2016/09/23 10:28:36;0.000;534;MA;401677132.78;2016/09/23 10:22:00;1;10;0;-122;677132.8;"169° 11' 50""E";"22° 17' 49""S";"169° 11' 50""E";"22° 17' 49""S";58;3;1934;71796;52;77;2200;FORMAT TEMPL. 31X8-A1 ;50;181;178;25;97;128;65;128;00;00;00;;;;;;;;;;;;;;;;;;;;
154182;;6145;"22° 17' 49""S";22,2969444444;"169° 11' 50""E";169,1972222222;;;0;2016/09/23 10:28:36;0.000;534;MA;401677132.78;2016/09/23 10:22:45;1;10;0;-122;677132.8;"169° 11' 50""E";"22° 17' 49""S";"169° 11' 50""E";"22° 17' 49""S";58;3;1934;71796;52;77;2200;FORMAT TEMPL. 31X8-A1 ;31;222;194;29;34;00;120;16;188;00;00;;;;;;;;;;;;;;;;;;;;
154182;;6145;"22° 17' 49""S";22,2969444444;"169° 11' 50""E";169,1972222222;;;0;2016/09/23 10:28:36;0.000;534;MA;401677132.78;2016/09/23 10:23:30;1;10;0;-122;677132.8;"169° 11' 50""E";"22° 17' 49""S";"169° 11' 50""E";"22° 17' 49""S";58;3;1934;71796;52;77;2200;FORMAT TEMPL. 31X8-A1 ;180;157;114;110;87;64;79;62;65;101;138;33;196;46;178;170;227;228;100;101;78;192;80;160;162;135;149;124;79;49;14
154182;;6145;"22° 17' 49""S";22,2969444444;"169° 11' 50""E";169,1972222222;;;0;2016/09/23 10:28:36;0.000;534;MA;401677132.78;2016/09/23 10:25:03;1;10;0;-122;677132.8;"169° 11' 50""E";"22° 17' 49""S";"169° 11' 50""E";"22° 17' 49""S";58;3;1934;71796;52;77;2200;FORMAT TEMPL. 31X8-A1 ;31;237;194;29;18;00;120;16;188;00;00;;;;;;;;;;;;;;;;;;;;
154182;;6145;"22° 17' 49""S";22,2969444444;"169° 11' 50""E";169,1972222222;;;0;2016/09/23 10:28:36;0.000;534;MA;401677132.78;2016/09/23 10:26:03;1;10;0;-122;677132.8;"169° 11' 50""E";"22° 17' 49""S";"169° 11' 50""E";"22° 17' 49""S";58;3;1934;71796;52;77;2200;FORMAT TEMPL. 31X8-A1 ;61;227;162;29;01;128;65;128;00;00;00;;;;;;;;;;;;;;;;;;;;
154182;;6145;"22° 17' 49""S";22,2969444444;"169° 11' 50""E";169,1972222222;;;0;2016/09/23 10:28:36;0.000;534;MA;401677132.78;2016/09/23 10:27:51;1;10;0;-122;677132.8;"169° 11' 50""E";"22° 17' 49""S";"169° 11' 50""E";"22° 17' 49""S";58;3;1934;71796;52;77;2200;FORMAT TEMPL. 31X8-A1 ;49;208;178;28;241;128;65;128;00;00;00;;;;;;;;;;;;;;;;;;;;
154182;;6145;"22° 17' 49""S";22,2969444444;"169° 11' 50""E";169,1972222222;;;0;2016/09/23 10:28:36;0.000;534;MA;401677132.78;2016/09/23 10:28:36;1;10;0;-122;677132.8;"169° 11' 50""E";"22° 17' 49""S";"169° 11' 50""E";"22° 17' 49""S";58;3;1934;71796;52;77;2200;FORMAT TEMPL. 31X8-A1 ;31;207;194;28;242;00;120;16;188;00;00;;;;;;;;;;;;;;;;;;;;
154182;;6145;"22° 17' 49""S";22,2969444444;"169° 11' 50""E";169,1972222222;;;0;2016/09/23 10:28:36;0.000;534;MA;401677132.78;2016/09/23 10:29:21;1;10;0;-122;677132.8;"169° 11' 50""E";"22° 17' 49""S";"169° 11' 50""E";"22° 17' 49""S";58;3;1934;71796;52;77;2200;FORMAT TEMPL. 31X8-A1 ;61;193;162;28;225;128;65;128;00;00;00;;;;;;;;;;;;;;;;;;;;
154182;;6145;"21° 50' 43""S";21,8452777778;"169° 32' 23""E";169,5397222222;;;B;2016/09/24 04:58:21;0.000;0;NP;401677194.75;2016/09/24 04:58:21;1;1;0;-140;677194.8;"169° 32' 23""E";"21° 50' 43""S";"169° 32' 23""E";"21° 50' 43""S";0;2;9128;13285;6271;41;11062;FORMAT TEMPL. 31X8-A1 ;191;175;02;111;91;192;249;12;195;05;196;57;130;00;64;22;70;145;01;99;08;84;135;43;20;98;164;31;92;00;00
154182;;6145;"22° 23' 28""S";22,3911111111;"168° 58' 35""E";168,9763888889;;;Z;2016/09/24 06:38:21;0.000;332;SR;401677137.97;2016/09/24 06:35:46;1;5;0;-125;677138;"168° 58' 35""E";"22° 23' 28""S";"168° 58' 35""E";"22° 23' 28""S";38;2;3586;43333;296;104;778;FORMAT TEMPL. 31X8-A1 ;22;45;82;152;83;00;121;;;;;;;;;;;;;;;;;;;;;;;;
154182;;6145;"22° 23' 28""S";22,3911111111;"168° 58' 35""E";168,9763888889;;;Z;2016/09/24 06:38:21;0.000;332;SR;401677137.97;2016/09/24 06:36:46;1;5;0;-125;677138;"168° 58' 35""E";"22° 23' 28""S";"168° 58' 35""E";"22° 23' 28""S";38;2;3586;43333;296;104;778;FORMAT TEMPL. 31X8-A1 ;61;107;162;28;65;128;65;128;00;00;00;;;;;;;;;;;;;;;;;;;;
154182;;6145;"22° 23' 28""S";22,3911111111;"168° 58' 35""E";168,9763888889;;;Z;2016/09/24 06:38:21;0.000;332;SR;401677137.97;2016/09/24 06:37:41;1;5;0;-125;677138;"168° 58' 35""E";"22° 23' 28""S";"168° 58' 35""E";"22° 23' 28""S";38;2;3586;43333;296;104;778;FORMAT TEMPL. 31X8-A1 ;189;149;162;111;58;193;122;10;130;214;137;73;230;27;54;93;67;192;153;162;234;50;05;237;07;210;40;00;128;00;00
154182;;6145;"22° 23' 28""S";22,3911111111;"168° 58' 35""E";168,9763888889;;;Z;2016/09/24 06:38:21;0.000;332;SR;401677137.97;2016/09/24 06:40:16;1;5;0;-125;677138;"168° 58' 35""E";"22° 23' 28""S";"168° 58' 35""E";"22° 23' 28""S";38;2;3586;43333;296;104;778;FORMAT TEMPL. 31X8-A1 ;28;234;210;28;66;00;120;16;111;60;00;;;;;;;;;;;;;;;;;;;;
154182;;6145;"22° 23' 28""S";22,3911111111;"168° 58' 35""E";168,9763888889;;;Z;2016/09/24 06:38:21;0.000;332;SR;401677137.97;2016/09/24 06:41:18;1;5;0;-125;677138;"168° 58' 35""E";"22° 23' 28""S";"168° 58' 35""E";"22° 23' 28""S";38;2;3586;43333;296;104;778;FORMAT TEMPL. 31X8-A1 ;49;28;178;28;49;128;65;128;00;00;00;;;;;;;;;;;;;;;;;;;;
154182;;6145;"22° 22' 56""S";22,3822222222;"169° 00' 39""E";169,0108333333;;;B;2016/09/24 10:04:38;0.000;47;MA;401677134.69;2016/09/24 10:04:15;1;2;0;-122;677134.7;"169° 00' 39""E";"22° 22' 56""S";"169° 00' 39""E";"22° 22' 56""S";8;3;4672;51980;419;63;4850;FORMAT TEMPL. 31X8-A1 ;210;18;242;110;184;195;01;17;17;54;200;153;144;153;17;145;25;09;16;181;25;61;25;17;17;156;136;153;17;152;144
154182;;6145;"22° 22' 56""S";22,3822222222;"169° 00' 39""E";169,0108333333;;;B;2016/09/24 10:04:38;0.000;47;MA;401677134.69;2016/09/24 10:05:02;1;2;0;-122;677134.7;"169° 00' 39""E";"22° 22' 56""S";"169° 00' 39""E";"22° 22' 56""S";8;3;4672;51980;419;63;4850;FORMAT TEMPL. 31X8-A1 ;39;162;50;28;108;00;88;193;174;45;171;177;52;45;186;186;48;00;00;;;;;;;;;;;;
154182;;6145;"22° 17' 45""S";22,2958333333;"169° 03' 31""E";169,0586111111;;;3;2016/09/24 14:38:03;0.000;481;NP;401677135.28;2016/09/24 14:32:40;1;6;0;-134;677135.3;"169° 03' 31""E";"22° 17' 45""S";"169° 03' 31""E";"22° 17' 45""S";58;3;205;322;130;119;227;FORMAT TEMPL. 31X8-A1 ;31;154;194;28;162;00;120;16;188;00;00;;;;;;;;;;;;;;;;;;;;
154182;;6145;"22° 17' 45""S";22,2958333333;"169° 03' 31""E";169,0586111111;;;3;2016/09/24 14:38:03;0.000;481;NP;401677135.28;2016/09/24 14:33:26;1;6;0;-134;677135.3;"169° 03' 31""E";"22° 17' 45""S";"169° 03' 31""E";"22° 17' 45""S";58;3;205;322;130;119;227;FORMAT TEMPL. 31X8-A1 ;49;182;178;28;145;128;65;128;00;00;00;;;;;;;;;;;;;;;;;;;;
154182;;6145;"22° 17' 45""S";22,2958333333;"169° 03' 31""E";169,0586111111;;;3;2016/09/24 14:38:03;0.000;481;NP;401677135.28;2016/09/24 14:36:01;1;6;0;-134;677135.3;"169° 03' 31""E";"22° 17' 45""S";"169° 03' 31""E";"22° 17' 45""S";58;3;205;322;130;119;227;FORMAT TEMPL. 31X8-A1 ;31;169;194;28;146;00;120;16;188;00;00;;;;;;;;;;;;;;;;;;;;
154182;;6145;"22° 17' 45""S";22,2958333333;"169° 03' 31""E";169,0586111111;;;3;2016/09/24 14:38:03;0.000;481;NP;401677135.28;2016/09/24 14:36:57;1;6;0;-134;677135.3;"169° 03' 31""E";"22° 17' 45""S";"169° 03' 31""E";"22° 17' 45""S";58;3;205;322;130;119;227;FORMAT TEMPL. 31X8-A1 ;61;167;162;28;129;128;65;128;00;00;00;;;;;;;;;;;;;;;;;;;;
154182;;6145;"22° 17' 45""S";22,2958333333;"169° 03' 31""E";169,0586111111;;;3;2016/09/24 14:38:03;0.000;481;NP;401677135.28;2016/09/24 14:38:34;1;6;0;-134;677135.3;"169° 03' 31""E";"22° 17' 45""S";"169° 03' 31""E";"22° 17' 45""S";58;3;205;322;130;119;227;FORMAT TEMPL. 31X8-A1 ;189;178;130;111;237;64;63;54;64;12;17;201;59;179;56;240;06;88;06;47;78;240;139;206;229;235;236;229;127;03;224
154182;;6145;"22° 17' 45""S";22,2958333333;"169° 03' 31""E";169,0586111111;;;3;2016/09/24 14:38:03;0.000;481;NP;401677135.28;2016/09/24 14:40:41;1;6;0;-134;677135.3;"169° 03' 31""E";"22° 17' 45""S";"169° 03' 31""E";"22° 17' 45""S";58;3;205;322;130;119;227;FORMAT TEMPL. 31X8-A1 ;63;88;162;28;113;128;65;128;00;00;00;;;;;;;;;;;;;;;;;;;;
154182;;6145;"22° 16' 56""S";22,2822222222;"169° 02' 47""E";169,0463888889;;;B;2016/09/24 16:16:27;0.000;48;NP;401677142.74;2016/09/24 16:16:27;1;2;0;-132;677142.7;"169° 02' 47""E";"22° 16' 56""S";"169° 02' 47""E";"22° 16' 56""S";8;3;1609;4353;594;72;2741;FORMAT TEMPL. 31X8-A1 ;16;174;192;12;02;00;124;16;216;103;244;;;;;;;;;;;;;;;;;;;;
154182;;6145;"22° 16' 56""S";22,2822222222;"169° 02' 47""E";169,0463888889;;;B;2016/09/24 16:16:27;0.000;48;NP;401677142.74;2016/09/24 16:17:15;1;2;0;-132;677142.7;"169° 02' 47""E";"22° 16' 56""S";"169° 02' 47""E";"22° 16' 56""S";8;3;1609;4353;594;72;2741;FORMAT TEMPL. 31X8-A1 ;51;60;178;27;113;128;65;128;00;00;00;;;;;;;;;;;;;;;;;;;;
154182;;6145;"22° 16' 29""S";22,2747222222;"169° 02' 38""E";169,0438888889;;;B;2016/09/24 18:34:33;0.000;140;NK;401677136.62;2016/09/24 18:33:24;1;2;0;-126;677136.6;"169° 02' 38""E";"22° 16' 29""S";"169° 02' 38""E";"22° 16' 29""S";8;3;1532;56574;41;98;3915;FORMAT TEMPL. 31X8-A1 ;16;174;194;28;02;00;120;16;111;60;00;;;;;;;;;;;;;;;;;;;;
154182;;6145;"22° 16' 29""S";22,2747222222;"169° 02' 38""E";169,0438888889;;;B;2016/09/24 18:34:33;0.000;140;NK;401677136.62;2016/09/24 18:35:44;1;2;0;-126;677136.6;"169° 02' 38""E";"22° 16' 29""S";"169° 02' 38""E";"22° 16' 29""S";8;3;1532;56574;41;98;3915;FORMAT TEMPL. 31X8-A1 ;18;189;194;27;114;00;120;16;111;60;00;;;;;;;;;;;;;;;;;;;;
154182;;6145;"22° 16' 35""S";22,2763888889;"169° 02' 22""E";169,0394444444;;;B;2016/09/24 18:59:10;0.000;0;SR;401677145.32;2016/09/24 18:59:11;1;1;0;-130;677145.3;"169° 02' 22""E";"22° 16' 35""S";"169° 02' 22""E";"22° 16' 35""S";8;3;2492;6611;939;82;4656;FORMAT TEMPL. 31X8-A1 ;23;200;82;110;141;45;29;72;234;207;126;244;155;216;24;31;47;01;154;179;157;237;175;;;;;;;;
154182;;6145;"22° 22' 54""S";22,3816666667;"169° 04' 05""E";169,0680555556;;;A;2016/09/25 06:08:38;0.000;149;SR;401677134.34;2016/09/25 06:07:25;1;3;0;-128;677134.3;"169° 04' 05""E";"22° 22' 54""S";"169° 04' 05""E";"22° 22' 54""S";8;2;1502;18199;123;111;2250;FORMAT TEMPL. 31X8-A1 ;23;200;82;110;14;127;159;14;15;155;150;135;135;06;08;15;131;131;131;128;00;00;00;;;;;;;;
154182;;6145;"22° 22' 54""S";22,3816666667;"169° 04' 05""E";169,0680555556;;;A;2016/09/25 06:08:38;0.000;149;SR;401677134.34;2016/09/25 06:08:35;1;3;0;-128;677134.3;"169° 04' 05""E";"22° 22' 54""S";"169° 04' 05""E";"22° 22' 54""S";8;2;1502;18199;123;111;2250;FORMAT TEMPL. 31X8-A1 ;181;250;50;113;113;192;228;14;197;38;10;08;134;27;168;67;131;48;209;162;232;85;137;235;143;128;136;99;88;00;00
154182;;6145;"22° 22' 54""S";22,3816666667;"169° 04' 05""E";169,0680555556;;;A;2016/09/25 06:08:38;0.000;149;SR;401677134.34;2016/09/25 06:09:54;1;3;0;-128;677134.3;"169° 04' 05""E";"22° 22' 54""S";"169° 04' 05""E";"22° 22' 54""S";8;2;1502;18199;123;111;2250;FORMAT TEMPL. 31X8-A1 ;32;46;18;112;00;60;129;02;04;08;16;43;128;137;00;;;;;;;;;;;;;;;;
154182;;6145;"22° 23' 21""S";22,3891666667;"169° 04' 33""E";169,0758333333;;;B;2016/09/25 06:58:57;0.000;50;NK;401677136.40;2016/09/25 06:58:32;1;2;0;-127;677136.4;"169° 04' 33""E";"22° 23' 21""S";"169° 04' 33""E";"22° 23' 21""S";8;3;1139;5267;246;71;2386;FORMAT TEMPL. 31X8-A1 ;179;59;98;112;169;00;222;24;130;214;131;05;226;200;13;12;112;233;187;90;37;164;16;84;216;211;56;164;92;176;00
154182;;6145;"22° 23' 21""S";22,3891666667;"169° 04' 33""E";169,0758333333;;;B;2016/09/25 06:58:57;0.000;50;NK;401677136.40;2016/09/25 06:59:22;1;2;0;-127;677136.4;"169° 04' 33""E";"22° 23' 21""S";"169° 04' 33""E";"22° 23' 21""S";8;3;1139;5267;246;71;2386;FORMAT TEMPL. 31X8-A1 ;32;46;18;112;00;60;129;02;04;08;16;43;128;137;00;;;;;;;;;;;;;;;;
154182;;6145;"22° 23' 39""S";22,3941666667;"169° 04' 13""E";169,0702777778;;;B;2016/09/25 10:36:40;0.000;0;MB;401677149.53;2016/09/25 10:36:40;1;1;0;-135;677149.5;"169° 04' 13""E";"22° 23' 39""S";"169° 04' 13""E";"22° 23' 39""S";8;2;2226;3291;1506;69;5728;FORMAT TEMPL. 31X8-A1 ;179;237;19;111;81;64;159;08;130;54;200;192;36;04;36;37;01;160;06;00;44;124;131;236;132;67;96;154;54;144;180
154182;;6145;"22° 22' 17""S";22,3713888889;"168° 58' 40""E";168,9777777778;;;1;2016/09/25 14:26:13;0.000;405;NP;401677138.34;2016/09/25 14:23:09;1;7;0;-133;677138.3;"168° 58' 40""E";"22° 22' 17""S";"168° 58' 40""E";"22° 22' 17""S";48;3;959;1026;896;133;264;FORMAT TEMPL. 31X8-A1 ;32;46;18;;;;;;;;;;;;;;;;;;;;;;;;;;;;
154182;;6145;"22° 22' 17""S";22,3713888889;"168° 58' 40""E";168,9777777778;;;1;2016/09/25 14:26:13;0.000;405;NP;401677138.34;2016/09/25 14:23:55;1;7;0;-133;677138.3;"168° 58' 40""E";"22° 22' 17""S";"168° 58' 40""E";"22° 22' 17""S";48;3;959;1026;896;133;264;FORMAT TEMPL. 31X8-A1 ;18;39;02;112;14;127;151;11;152;156;36;149;71;192;150;220;180;193;43;;;;;;;;;;;;
154182;;6145;"22° 22' 17""S";22,3713888889;"168° 58' 40""E";168,9777777778;;;1;2016/09/25 14:26:13;0.000;405;NP;401677138.34;2016/09/25 14:24:43;1;7;0;-133;677138.3;"168° 58' 40""E";"22° 22' 17""S";"168° 58' 40""E";"22° 22' 17""S";48;3;959;1026;896;133;264;FORMAT TEMPL. 31X8-A1 ;176;41;02;110;138;129;234;52;130;22;09;112;22;13;178;65;143;33;93;114;152;97;57;03;101;208;218;09;25;00;00
154182;;6145;"22° 22' 17""S";22,3713888889;"168° 58' 40""E";168,9777777778;;;1;2016/09/25 14:26:13;0.000;405;NP;401677138.34;2016/09/25 14:25:29;1;7;0;-133;677138.3;"168° 58' 40""E";"22° 22' 17""S";"168° 58' 40""E";"22° 22' 17""S";48;3;959;1026;896;133;264;FORMAT TEMPL. 31X8-A1 ;45;245;194;110;12;00;00;128;128;128;128;128;128;128;216;127;131;128;00;;;;;;;;;;;;
154182;;6145;"22° 22' 17""S";22,3713888889;"168° 58' 40""E";168,9777777778;;;1;2016/09/25 14:26:13;0.000;405;NP;401677138.34;2016/09/25 14:26:16;1;7;0;-133;677138.3;"168° 58' 40""E";"22° 22' 17""S";"168° 58' 40""E";"22° 22' 17""S";48;3;959;1026;896;133;264;FORMAT TEMPL. 31X8-A1 ;23;200;82;110;14;127;159;14;15;155;150;135;135;06;08;15;131;131;131;128;00;00;00;;;;;;;;
154182;;6145;"22° 22' 17""S";22,3713888889;"168° 58' 40""E";168,9777777778;;;1;2016/09/25 14:26:13;0.000;405;NP;401677138.34;2016/09/25 14:27:05;1;7;0;-133;677138.3;"168° 58' 40""E";"22° 22' 17""S";"168° 58' 40""E";"22° 22' 17""S";48;3;959;1026;896;133;264;FORMAT TEMPL. 31X8-A1 ;217;141;02;110;137;00;44;72;68;00;10;24;89;04;08;69;09;14;140;251;136;123;191;06;251;99;176;139;255;81;188
154182;;6145;"22° 22' 17""S";22,3713888889;"168° 58' 40""E";168,9777777778;;;1;2016/09/25 14:26:13;0.000;405;NP;401677138.34;2016/09/25 14:29:54;1;7;0;-133;677138.3;"168° 58' 40""E";"22° 22' 17""S";"168° 58' 40""E";"22° 22' 17""S";48;3;959;1026;896;133;264;FORMAT TEMPL. 31X8-A1 ;185;124;247;226;251;152;53;56;163;148;14;30;243;80;13;98;179;53;145;149;31;108;228;49;191;184;121;223;189;58;122
154182;;6145;"22° 20' 52""S";22,3477777778;"168° 58' 29""E";168,9747222222;;;B;2016/09/25 16:03:52;0.000;48;NP;401677128.01;2016/09/25 16:03:53;1;2;0;-135;677128;"168° 58' 29""E";"22° 20' 52""S";"168° 58' 29""E";"22° 20' 52""S";8;3;8296;25383;2711;101;2812;FORMAT TEMPL. 31X8-A1 ;18;39;02;112;14;127;151;131;156;165;15;131;132;03;132;12;134;05;01;;;;;;;;;;;;
154182;;6145;"22° 20' 52""S";22,3477777778;"168° 58' 29""E";168,9747222222;;;B;2016/09/25 16:03:52;0.000;48;NP;401677128.01;2016/09/25 16:04:41;1;2;0;-135;677128;"168° 58' 29""E";"22° 20' 52""S";"168° 58' 29""E";"22° 20' 52""S";8;3;8296;25383;2711;101;2812;FORMAT TEMPL. 31X8-A1 ;218;247;98;110;56;193;174;136;97;152;229;137;170;06;224;96;123;65;40;31;70;140;132;50;190;251;109;224;40;29;239
154182;;6145;"22° 20' 24""S";22,34;"168° 57' 58""E";168,9661111111;;;B;2016/09/25 18:32:40;0.000;0;SR;401677126.76;2016/09/25 18:32:41;1;1;0;-132;677126.8;"168° 57' 58""E";"22° 20' 24""S";"168° 57' 58""E";"22° 20' 24""S";8;3;15254;20886;11140;97;5586;FORMAT TEMPL. 31X8-A1 ;23;200;82;110;14;127;159;14;15;155;150;135;135;06;08;15;131;131;131;128;00;00;00;;;;;;;;
154182;;6145;"22° 21' 09""S";22,3525;"169° 00' 20""E";169,0055555556;;;1;2016/09/25 18:35:48;0.000;187;NN;401677135.16;2016/09/25 18:32:41;1;4;0;-125;677135.2;"169° 00' 20""E";"22° 21' 09""S";"169° 00' 20""E";"22° 21' 09""S";46;3;1465;4815;445;114;427;FORMAT TEMPL. 31X8-A1 ;23;200;82;110;14;127;159;14;15;155;150;135;135;06;08;15;131;131;131;128;00;00;00;;;;;;;;
154182;;6145;"22° 21' 09""S";22,3525;"169° 00' 20""E";169,0055555556;;;1;2016/09/25 18:35:48;0.000;187;NN;401677135.16;2016/09/25 18:34:15;1;4;0;-125;677135.2;"169° 00' 20""E";"22° 21' 09""S";"169° 00' 20""E";"22° 21' 09""S";46;3;1465;4815;445;114;427;FORMAT TEMPL. 31X8-A1 ;32;46;18;112;00;60;129;02;04;08;16;76;238;195;217;;;;;;;;;;;;;;;;
154182;;6145;"22° 21' 09""S";22,3525;"169° 00' 20""E";169,0055555556;;;1;2016/09/25 18:35:48;0.000;187;NN;401677135.16;2016/09/25 18:35:01;1;4;0;-125;677135.2;"169° 00' 20""E";"22° 21' 09""S";"169° 00' 20""E";"22° 21' 09""S";46;3;1465;4815;445;114;427;FORMAT TEMPL. 31X8-A1 ;18;39;03;56;123;132;172;93;160;71;81;47;87;186;18;162;248;127;116;;;;;;;;;;;;
154182;;6145;"22° 21' 09""S";22,3525;"169° 00' 20""E";169,0055555556;;;1;2016/09/25 18:35:48;0.000;187;NN;401677135.16;2016/09/25 18:35:48;1;4;0;-125;677135.2;"169° 00' 20""E";"22° 21' 09""S";"169° 00' 20""E";"22° 21' 09""S";46;3;1465;4815;445;114;427;FORMAT TEMPL. 31X8-A1 ;183;72;34;114;93;65;33;19;13;193;206;77;128;153;43;146;184;254;101;211;203;59;212;172;237;165;72;31;223;225;195
154183;;6145;;0;;0;;;;;;182;MA;401650000.00;2016/09/23 21:41:31;1;2;0;-120;;;;;;;;;;;;;FORMAT TEMPL. 31X8-A1 ;04;02;111;90;95;40;70;48;00;00;00;06;64;80;148;151;32;00;02;105;00;00;00;;;;;;;;
154183;;6145;;0;;0;;;;;;182;MA;401650000.00;2016/09/23 21:44:33;1;2;0;-120;;;;;;;;;;;;;FORMAT TEMPL. 31X8-A1 ;04;188;247;91;33;07;19;49;184;05;192;06;64;80;148;150;96;00;03;171;42;127;192;;;;;;;;
154183;;6145;"22° 22' 09""S";22,3691666667;"169° 01' 21""E";169,0225;;;0;2016/09/24 03:22:54;0.000;728;NP;401677124.50;2016/09/24 03:15:27;1;5;0;-124;677124.5;"169° 01' 21""E";"22° 22' 09""S";"169° 01' 21""E";"22° 22' 09""S";50;0;2032;4762;866;146;812;FORMAT TEMPL. 31X8-A1 ;223;15;50;111;107;82;138;59;241;166;63;255;251;147;188;195;50;75;63;118;228;145;84;251;115;50;238;238;205;163;44
154183;;6145;"22° 22' 09""S";22,3691666667;"169° 01' 21""E";169,0225;;;0;2016/09/24 03:22:54;0.000;728;NP;401677124.50;2016/09/24 03:18:42;1;5;0;-124;677124.5;"169° 01' 21""E";"22° 22' 09""S";"169° 01' 21""E";"22° 22' 09""S";50;0;2032;4762;866;146;812;FORMAT TEMPL. 31X8-A1 ;183;212;66;111;96;01;44;40;128;24;03;08;116;10;50;160;66;136;20;96;103;147;65;51;68;140;66;04;215;00;00
154183;;6145;"22° 22' 09""S";22,3691666667;"169° 01' 21""E";169,0225;;;0;2016/09/24 03:22:54;0.000;728;NP;401677124.50;2016/09/24 03:26:01;1;5;0;-124;677124.5;"169° 01' 21""E";"22° 22' 09""S";"169° 01' 21""E";"22° 22' 09""S";50;0;2032;4762;866;146;812;FORMAT TEMPL. 31X8-A1 ;177;96;178;111;89;192;150;151;00;166;133;00;182;04;44;42;67;48;29;152;59;159;135;104;207;82;214;65;181;64;140
154183;;6145;"22° 22' 09""S";22,3691666667;"169° 01' 21""E";169,0225;;;0;2016/09/24 03:22:54;0.000;728;NP;401677124.50;2016/09/24 03:26:49;1;5;0;-124;677124.5;"169° 01' 21""E";"22° 22' 09""S";"169° 01' 21""E";"22° 22' 09""S";50;0;2032;4762;866;146;812;FORMAT TEMPL. 31X8-A1 ;216;252;66;111;89;199;44;60;60;60;60;60;60;60;60;60;60;60;60;60;60;60;63;247;114;110;46;94;170;106;128
154183;;6145;"22° 22' 09""S";22,3691666667;"169° 01' 21""E";169,0225;;;0;2016/09/24 03:22:54;0.000;728;NP;401677124.50;2016/09/24 03:27:35;1;5;0;-124;677124.5;"169° 01' 21""E";"22° 22' 09""S";"169° 01' 21""E";"22° 22' 09""S";50;0;2032;4762;866;146;812;FORMAT TEMPL. 31X8-A1 ;22;114;66;111;94;20;119;178;41;90;56;45;181;253;59;159;133;06;128;128;00;00;00;;;;;;;;
154183;;6145;"22° 22' 26""S";22,3738888889;"169° 01' 17""E";169,0213888889;;;B;2016/09/24 05:05:30;0.000;0;NP;401677110.45;2016/09/24 05:05:31;1;1;0;-137;677110.5;"169° 01' 17""E";"22° 22' 26""S";"169° 01' 17""E";"22° 22' 26""S";8;3;7947;9011;7008;102;3898;FORMAT TEMPL. 31X8-A1 ;190;45;194;120;48;64;192;22;129;134;203;65;52;05;44;104;13;63;127;211;76;109;02;203;28;02;200;27;44;00;00
154183;;6145;"22° 23' 08""S";22,3855555556;"168° 59' 01""E";168,9836111111;;;B;2016/09/24 05:46:39;0.000;51;NK;401677107.04;2016/09/24 05:46:14;1;2;0;-130;677107;"168° 59' 01""E";"22° 23' 08""S";"168° 59' 01""E";"22° 23' 08""S";8;3;5227;13202;2069;166;3244;FORMAT TEMPL. 31X8-A1 ;184;142;114;112;19;01;17;32;129;22;11;160;180;11;50;97;132;160;06;01;14;124;135;110;03;243;68;00;128;00;00
154183;;6145;"22° 23' 08""S";22,3855555556;"168° 59' 01""E";168,9836111111;;;B;2016/09/24 05:46:39;0.000;51;NK;401677107.04;2016/09/24 05:47:05;1;2;0;-130;677107;"168° 59' 01""E";"22° 23' 08""S";"168° 59' 01""E";"22° 23' 08""S";8;3;5227;13202;2069;166;3244;FORMAT TEMPL. 31X8-A1 ;178;02;02;112;05;192;241;52;130;246;135;193;148;18;178;110;00;48;149;133;01;27;70;11;133;20;169;81;07;64;00
154183;;6145;"22° 22' 26""S";22,3738888889;"169° 01' 08""E";169,0188888889;;;B;2016/09/24 05:53:36;0.000;0;NN;401677116.36;2016/09/24 05:53:36;1;1;0;-137;677116.4;"169° 01' 08""E";"22° 22' 26""S";"169° 01' 08""E";"22° 22' 26""S";8;3;8165;8706;7658;103;4625;FORMAT TEMPL. 31X8-A1 ;184;139;02;112;00;64;159;52;128;24;02;244;84;03;174;84;15;160;173;161;154;01;132;77;144;218;200;28;100;00;00
154183;;6145;"22° 24' 16""S";22,4044444444;"169° 01' 24""E";169,0233333333;;;B;2016/09/24 06:36:11;0.000;314;SR;401677124.47;2016/09/24 06:33:35;1;2;0;-127;677124.5;"169° 01' 24""E";"22° 24' 16""S";"169° 01' 24""E";"22° 24' 16""S";8;3;1311;17892;96;80;3695;FORMAT TEMPL. 31X8-A1 ;177;96;178;111;88;192;150;151;00;166;133;00;182;04;44;42;67;48;29;145;78;05;129;09;28;163;40;34;100;00;00
154183;;6145;"22° 24' 16""S";22,4044444444;"169° 01' 24""E";169,0233333333;;;B;2016/09/24 06:36:11;0.000;314;SR;401677124.47;2016/09/24 06:38:49;1;2;0;-127;677124.5;"169° 01' 24""E";"22° 24' 16""S";"169° 01' 24""E";"22° 24' 16""S";8;3;1311;17892;96;80;3695;FORMAT TEMPL. 31X8-A1 ;216;252;66;111;89;199;44;60;60;60;60;60;60;60;60;60;60;60;60;60;60;60;63;247;114;110;46;94;170;106;128
154183;;6145;"22° 27' 29""S";22,4580555556;"169° 05' 35""E";169,0930555556;;;B;2016/09/24 14:39:26;0.000;0;NP;401677102.73;2016/09/24 14:39:27;1;1;0;-130;677102.7;"169° 05' 35""E";"22° 27' 29""S";"169° 05' 35""E";"22° 27' 29""S";8;2;2619;4975;1378;116;7401;FORMAT TEMPL. 31X8-A1 ;22;114;66;111;94;20;119;178;41;90;56;45;181;253;59;159;133;06;128;128;00;00;00;;;;;;;;
154183;;6145;"22° 24' 42""S";22,4116666667;"169° 04' 08""E";169,0688888889;;;B;2016/09/24 16:14:21;0.000;170;NP;401677124.06;2016/09/24 16:12:56;1;2;0;-129;677124.1;"169° 04' 08""E";"22° 24' 42""S";"169° 04' 08""E";"22° 24' 42""S";7;3;3036;51860;177;107;7825;FORMAT TEMPL. 31X8-A1 ;185;79;114;111;123;00;139;36;161;08;03;132;244;32;56;31;135;32;121;169;06;65;06;173;137;227;08;20;100;00;00
154183;;6145;"22° 24' 42""S";22,4116666667;"169° 04' 08""E";169,0688888889;;;B;2016/09/24 16:14:21;0.000;170;NP;401677124.06;2016/09/24 16:15:46;1;2;0;-129;677124.1;"169° 04' 08""E";"22° 24' 42""S";"169° 04' 08""E";"22° 24' 42""S";7;3;3036;51860;177;107;7825;FORMAT TEMPL. 31X8-A1 ;222;106;34;111;121;64;14;35;187;187;187;143;123;187;187;249;91;17;83;165;27;250;108;137;158;114;158;114;139;81;116
154183;;6145;"22° 26' 44""S";22,4455555556;"169° 01' 30""E";169,025;;;0;2016/09/24 18:34:59;0.000;632;NK;401677118.01;2016/09/24 18:30:09;1;4;1;-119;677118;"169° 01' 30""E";"22° 26' 44""S";"169° 01' 30""E";"22° 26' 44""S";48;3;2083;13681;317;109;608;FORMAT TEMPL. 31X8-A1 ;22;114;66;111;94;20;119;178;41;90;56;45;181;253;59;159;133;06;128;128;00;00;00;;;;;;;;
154183;;6145;"22° 26' 44""S";22,4455555556;"169° 01' 30""E";169,025;;;0;2016/09/24 18:34:59;0.000;632;NK;401677118.01;2016/09/24 18:33:48;1;4;1;-119;677118;"169° 01' 30""E";"22° 26' 44""S";"169° 01' 30""E";"22° 26' 44""S";48;3;2083;13681;317;109;608;FORMAT TEMPL. 31X8-A1 ;216;252;66;111;89;199;44;60;60;60;60;60;60;60;60;60;60;60;60;60;60;60;63;247;114;110;46;94;170;106;128
154183;;6145;"22° 26' 44""S";22,4455555556;"169° 01' 30""E";169,025;;;0;2016/09/24 18:34:59;0.000;632;NK;401677118.01;2016/09/24 18:35:20;1;4;1;-119;677118;"169° 01' 30""E";"22° 26' 44""S";"169° 01' 30""E";"22° 26' 44""S";48;3;2083;13681;317;109;608;FORMAT TEMPL. 31X8-A1 ;185;57;34;113;32;129;141;08;193;64;202;248;70;22;36;23;76;144;129;49;62;49;06;04;143;146;232;31;96;00;59
154183;;6145;"22° 26' 44""S";22,4455555556;"169° 01' 30""E";169,025;;;0;2016/09/24 18:34:59;0.000;632;NK;401677118.01;2016/09/24 18:40:41;1;4;1;-119;677118;"169° 01' 30""E";"22° 26' 44""S";"169° 01' 30""E";"22° 26' 44""S";48;3;2083;13681;317;109;608;FORMAT TEMPL. 31X8-A1 ;188;132;50;113;23;00;133;20;64;64;03;249;242;142;42;35;78;146;197;189;146;11;227;225;94;136;77;161;40;137;94
154183;;6145;"22° 27' 51""S";22,4641666667;"169° 03' 12""E";169,0533333333;;;A;2016/09/24 18:48:27;0.000;467;NN;401677116.29;2016/09/24 18:40:41;1;3;0;-127;677116.3;"169° 03' 12""E";"22° 27' 51""S";"169° 03' 12""E";"22° 27' 51""S";8;3;2827;66756;119;99;5649;FORMAT TEMPL. 31X8-A1 ;188;132;50;113;23;00;133;20;64;64;03;249;242;14;46;35;79;146;212;238;146;82;127;120;103;185;68;131;124;08;144
154183;;6145;"22° 27' 51""S";22,4641666667;"169° 03' 12""E";169,0533333333;;;A;2016/09/24 18:48:27;0.000;467;NN;401677116.29;2016/09/24 18:42:54;1;3;0;-127;677116.3;"169° 03' 12""E";"22° 27' 51""S";"169° 03' 12""E";"22° 27' 51""S";8;3;2827;66756;119;99;5649;FORMAT TEMPL. 31X8-A1 ;191;102;226;113;17;192;101;14;64;48;06;32;162;52;52;51;06;144;72;209;208;104;176;219;90;173;236;153;57;122;51
154183;;6145;"22° 27' 51""S";22,4641666667;"169° 03' 12""E";169,0533333333;;;A;2016/09/24 18:48:27;0.000;467;NN;401677116.29;2016/09/24 18:48:28;1;3;0;-127;677116.3;"169° 03' 12""E";"22° 27' 51""S";"169° 03' 12""E";"22° 27' 51""S";8;3;2827;66756;119;99;5649;FORMAT TEMPL. 31X8-A1 ;186;18;114;113;07;00;157;00;148;112;209;76;09;03;32;40;08;249;08;193;54;00;144;48;48;246;16;65;131;192;00
154183;;6145;"22° 26' 01""S";22,4336111111;"169° 04' 54""E";169,0816666667;;;B;2016/09/24 19:02:01;0.000;243;SR;401677117.38;2016/09/24 19:00:00;1;2;0;-120;677117.4;"169° 04' 54""E";"22° 26' 01""S";"169° 04' 54""E";"22° 26' 01""S";6;2;1873;96946;36;77;5291;FORMAT TEMPL. 31X8-A1 ;22;114;66;111;94;20;119;178;41;90;56;45;181;253;59;159;133;06;128;128;00;00;00;;;;;;;;
154183;;6145;"22° 26' 01""S";22,4336111111;"169° 04' 54""E";169,0816666667;;;B;2016/09/24 19:02:01;0.000;243;SR;401677117.38;2016/09/24 19:04:03;1;2;0;-120;677117.4;"169° 04' 54""E";"22° 26' 01""S";"169° 04' 54""E";"22° 26' 01""S";6;2;1873;96946;36;77;5291;FORMAT TEMPL. 31X8-A1 ;182;112;114;112;232;193;18;22;65;240;04;180;162;25;00;53;71;21;136;100;126;85;36;226;02;148;105;01;64;00;00
154183;;6145;"22° 29' 46""S";22,4961111111;"168° 58' 14""E";168,9705555556;;;A;2016/09/24 22:09:23;0.000;220;MB;401677119.34;2016/09/24 22:07:33;1;3;0;-125;677119.3;"168° 58' 14""E";"22° 29' 46""S";"168° 58' 14""E";"22° 29' 46""S";8;2;511;4681;55;94;838;FORMAT TEMPL. 31X8-A1 ;186;110;242;112;25;00;61;42;64;84;04;04;164;07;180;29;192;164;02;02;30;112;172;227;79;96;130;126;236;171;149
154183;;6145;"22° 29' 46""S";22,4961111111;"168° 58' 14""E";168,9705555556;;;A;2016/09/24 22:09:23;0.000;220;MB;401677119.34;2016/09/24 22:09:26;1;3;0;-125;677119.3;"168° 58' 14""E";"22° 29' 46""S";"168° 58' 14""E";"22° 29' 46""S";8;2;511;4681;55;94;838;FORMAT TEMPL. 31X8-A1 ;184;142;114;112;19;01;17;32;129;22;11;160;180;11;50;97;132;160;06;01;14;124;135;110;03;243;68;00;128;00;00
154183;;6145;"22° 29' 46""S";22,4961111111;"168° 58' 14""E";168,9705555556;;;A;2016/09/24 22:09:23;0.000;220;MB;401677119.34;2016/09/24 22:11:13;1;3;0;-125;677119.3;"168° 58' 14""E";"22° 29' 46""S";"168° 58' 14""E";"22° 29' 46""S";8;2;511;4681;55;94;838;FORMAT TEMPL. 31X8-A1 ;178;02;02;112;05;192;241;52;130;246;135;193;148;18;178;110;00;48;149;133;01;27;70;11;133;20;169;81;07;64;00
154183;;6145;"22° 29' 49""S";22,4969444444;"168° 57' 37""E";168,9602777778;;;B;2016/09/24 22:59:02;0.000;0;MA;401677098.53;2016/09/24 22:59:02;1;1;0;-122;677098.5;"168° 57' 37""E";"22° 29' 49""S";"168° 57' 37""E";"22° 29' 49""S";8;3;2332;2912;1867;87;2767;FORMAT TEMPL. 31X8-A1 ;183;00;51;119;34;63;63;14;141;213;05;135;139;07;179;225;190;35;18;111;13;84;137;89;144;48;74;48;106;00;31
154183;;6145;"22° 33' 58""S";22,5661111111;"168° 54' 45""E";168,9125;;;B;2016/09/25 04:51:16;0.000;137;NP;401677078.70;2016/09/25 04:50:08;1;2;0;-130;677078.7;"168° 54' 45""E";"22° 33' 58""S";"168° 54' 45""E";"22° 33' 58""S";8;3;1834;15477;217;4;3770;FORMAT TEMPL. 31X8-A1 ;184;139;02;112;00;64;159;52;128;24;02;244;84;03;174;118;27;28;220;97;217;222;150;176;141;250;153;153;189;14;124
154183;;6145;"22° 33' 58""S";22,5661111111;"168° 54' 45""E";168,9125;;;B;2016/09/25 04:51:16;0.000;137;NP;401677078.70;2016/09/25 04:52:25;1;2;0;-130;677078.7;"168° 54' 45""E";"22° 33' 58""S";"168° 54' 45""E";"22° 33' 58""S";8;3;1834;15477;217;4;3770;FORMAT TEMPL. 31X8-A1 ;185;79;114;111;123;00;139;36;128;08;03;132;244;32;56;31;135;32;121;161;06;81;06;173;137;227;08;21;100;00;00
154183;;6145;"22° 35' 36""S";22,5933333333;"168° 54' 46""E";168,9127777778;;;B;2016/09/25 06:04:41;0.000;253;SR;401677128.94;2016/09/25 06:02:35;1;2;0;-120;677128.9;"168° 54' 46""E";"22° 35' 36""S";"168° 54' 46""E";"22° 35' 36""S";6;3;901;17766;45;128;2532;FORMAT TEMPL. 31X8-A1 ;180;103;66;111;102;193;193;36;132;215;06;16;114;00;192;177;209;136;36;76;164;04;64;171;10;84;46;129;102;00;00
154183;;6145;"22° 35' 36""S";22,5933333333;"168° 54' 46""E";168,9127777778;;;B;2016/09/25 06:04:41;0.000;253;SR;401677128.94;2016/09/25 06:06:48;1;2;0;-120;677128.9;"168° 54' 46""E";"22° 35' 36""S";"168° 54' 46""E";"22° 35' 36""S";6;3;901;17766;45;128;2532;FORMAT TEMPL. 31X8-A1 ;223;15;50;111;107;66;138;59;241;166;63;255;251;147;188;195;50;75;63;118;228;145;84;251;115;50;238;238;205;179;44
154183;;6145;"22° 35' 36""S";22,5933333333;"168° 53' 50""E";168,8972222222;;;B;2016/09/25 06:58:22;0.000;86;NK;401677114.82;2016/09/25 06:57:40;1;2;0;-125;677114.8;"168° 53' 50""E";"22° 35' 36""S";"168° 53' 50""E";"22° 35' 36""S";8;3;790;3834;162;70;2216;FORMAT TEMPL. 31X8-A1 ;180;238;66;114;32;192;103;20;65;181;195;112;130;18;174;33;200;16;16;00;234;76;128;96;09;112;232;03;00;00;00
154183;;6145;"22° 35' 36""S";22,5933333333;"168° 53' 50""E";168,8972222222;;;B;2016/09/25 06:58:22;0.000;86;NK;401677114.82;2016/09/25 06:59:06;1;2;0;-125;677114.8;"168° 53' 50""E";"22° 35' 36""S";"168° 53' 50""E";"22° 35' 36""S";8;3;790;3834;162;70;2216;FORMAT TEMPL. 31X8-A1 ;04;172;252;110;198;09;113;49;168;05;176;06;64;228;107;253;48;04;67;04;91;126;192;;;;;;;;
154183;;6145;"22° 36' 41""S";22,6113888889;"168° 51' 29""E";168,8580555556;;;B;2016/09/25 10:39:57;0.000;0;MB;401677124.76;2016/09/25 10:39:58;1;1;0;-132;677124.8;"168° 51' 29""E";"22° 36' 41""S";"168° 51' 29""E";"22° 36' 41""S";8;2;1892;3378;1059;84;5342;FORMAT TEMPL. 31X8-A1 ;178;173;226;112;59;00;142;22;64;229;141;209;20;12;44;73;138;16;105;66;96;92;129;134;142;113;168;01;00;00;00
154183;;6145;"22° 32' 36""S";22,5433333333;"168° 58' 41""E";168,9780555556;;;2;2016/09/25 16:10:19;0.000;524;NP;401677119.33;2016/09/25 16:04:17;1;4;0;-132;677119.3;"168° 58' 41""E";"22° 32' 36""S";"168° 58' 41""E";"22° 32' 36""S";58;3;307;1074;87;145;565;FORMAT TEMPL. 31X8-A1 ;18;114;66;111;94;20;127;186;169;90;124;61;53;253;51;159;136;70;130;144;16;64;00;;;;;;;;
154183;;6145;"22° 32' 36""S";22,5433333333;"168° 58' 41""E";168,9780555556;;;2;2016/09/25 16:10:19;0.000;524;NP;401677119.33;2016/09/25 16:05:44;1;4;0;-132;677119.3;"168° 58' 41""E";"22° 32' 36""S";"168° 58' 41""E";"22° 32' 36""S";58;3;307;1074;87;145;565;FORMAT TEMPL. 31X8-A1 ;179;207;242;114;51;129;09;14;128;48;05;216;84;08;30;30;141;16;52;81;108;124;128;64;06;194;196;33;100;00;00
154183;;6145;"22° 32' 36""S";22,5433333333;"168° 58' 41""E";168,9780555556;;;2;2016/09/25 16:10:19;0.000;524;NP;401677119.33;2016/09/25 16:12:15;1;4;0;-132;677119.3;"168° 58' 41""E";"22° 32' 36""S";"168° 58' 41""E";"22° 32' 36""S";58;3;307;1074;87;145;565;FORMAT TEMPL. 31X8-A1 ;04;02;115;03;31;209;133;49;168;05;176;06;64;228;107;253;40;04;66;113;192;66;02;;;;;;;;
154183;;6145;"22° 32' 36""S";22,5433333333;"168° 58' 41""E";168,9780555556;;;2;2016/09/25 16:10:19;0.000;524;NP;401677119.33;2016/09/25 16:13:01;1;4;0;-132;677119.3;"168° 58' 41""E";"22° 32' 36""S";"168° 58' 41""E";"22° 32' 36""S";58;3;307;1074;87;145;565;FORMAT TEMPL. 31X8-A1 ;181;39;162;114;43;192;104;50;64;32;02;232;15;01;128;142;20;155;153;88;48;44;231;223;239;249;03;65;105;47;205
154183;;6145;"22° 32' 16""S";22,5377777778;"168° 56' 49""E";168,9469444444;;;1;2016/09/25 18:11:09;0.000;398;NK;401677121.14;2016/09/25 18:08:12;1;5;0;-122;677121.1;"168° 56' 49""E";"22° 32' 16""S";"168° 56' 49""E";"22° 32' 16""S";48;3;627;1162;338;91;246;FORMAT TEMPL. 31X8-A1 ;186;32;226;113;01;64;191;08;129;208;199;88;36;45;26;55;160;32;16;01;204;17;01;224;141;192;104;10;32;00;00
154183;;6145;"22° 32' 16""S";22,5377777778;"168° 56' 49""E";168,9469444444;;;1;2016/09/25 18:11:09;0.000;398;NK;401677121.14;2016/09/25 18:09:28;1;5;0;-122;677121.1;"168° 56' 49""E";"22° 32' 16""S";"168° 56' 49""E";"22° 32' 16""S";48;3;627;1162;338;91;246;FORMAT TEMPL. 31X8-A1 ;179;203;50;112;243;128;231;44;93;61;97;244;76;141;44;12;232;168;02;128;81;132;64;104;98;197;42;11;70;00;00
154183;;6145;"22° 32' 16""S";22,5377777778;"168° 56' 49""E";168,9469444444;;;1;2016/09/25 18:11:09;0.000;398;NK;401677121.14;2016/09/25 18:10:21;1;5;0;-122;677121.1;"168° 56' 49""E";"22° 32' 16""S";"168° 56' 49""E";"22° 32' 16""S";48;3;627;1162;338;91;246;FORMAT TEMPL. 31X8-A1 ;182;112;114;112;232;193;18;22;65;240;04;180;162;25;00;53;71;21;136;96;95;92;243;182;61;135;90;87;50;139;243
154183;;6145;"22° 32' 16""S";22,5377777778;"168° 56' 49""E";168,9469444444;;;1;2016/09/25 18:11:09;0.000;398;NK;401677121.14;2016/09/25 18:12:57;1;5;0;-122;677121.1;"168° 56' 49""E";"22° 32' 16""S";"168° 56' 49""E";"22° 32' 16""S";48;3;627;1162;338;91;246;FORMAT TEMPL. 31X8-A1 ;183;00;50;112;221;192;63;14;141;213;02;184;116;07;180;30;65;35;21;16;240;84;142;166;16;48;73;79;148;00;00
154183;;6145;"22° 32' 16""S";22,5377777778;"168° 56' 49""E";168,9469444444;;;1;2016/09/25 18:11:09;0.000;398;NK;401677121.14;2016/09/25 18:14:50;1;5;0;-122;677121.1;"168° 56' 49""E";"22° 32' 16""S";"168° 56' 49""E";"22° 32' 16""S";48;3;627;1162;338;91;246;FORMAT TEMPL. 31X8-A1 ;34;235;98;111;80;155;50;254;00;00;00;;;;;;;;;;;;;;;;;;;;
154183;;6145;"22° 32' 46""S";22,5461111111;"168° 57' 00""E";168,95;;;1;2016/09/25 18:28:26;0.000;373;SR;401677120.04;2016/09/25 18:25:59;1;4;0;-125;677120;"168° 57' 00""E";"22° 32' 46""S";"168° 57' 00""E";"22° 32' 46""S";48;3;628;892;442;96;232;FORMAT TEMPL. 31X8-A1 ;188;122;82;112;142;128;161;28;128;24;05;24;244;20;08;170;74;104;34;09;90;128;144;40;58;181;02;32;96;00;00
154183;;6145;"22° 32' 46""S";22,5461111111;"168° 57' 00""E";168,95;;;1;2016/09/25 18:28:26;0.000;373;SR;401677120.04;2016/09/25 18:26:51;1;4;0;-125;677120;"168° 57' 00""E";"22° 32' 46""S";"168° 57' 00""E";"22° 32' 46""S";48;3;628;892;442;96;232;FORMAT TEMPL. 31X8-A1 ;183;05;114;112;139;00;92;52;64;24;04;49;194;01;64;34;129;160;81;33;160;45;00;200;133;145;104;38;36;00;00
154183;;6145;"22° 32' 46""S";22,5461111111;"168° 57' 00""E";168,95;;;1;2016/09/25 18:28:26;0.000;373;SR;401677120.04;2016/09/25 18:28:44;1;4;0;-125;677120;"168° 57' 00""E";"22° 32' 46""S";"168° 57' 00""E";"22° 32' 46""S";48;3;628;892;442;96;232;FORMAT TEMPL. 31X8-A1 ;189;178;34;112;121;66;216;00;32;120;85;65;13;32;240;75;44;54;66;81;21;236;104;131;34;169;144;137;12;210;00
154183;;6145;"22° 32' 46""S";22,5461111111;"168° 57' 00""E";168,95;;;1;2016/09/25 18:28:26;0.000;373;SR;401677120.04;2016/09/25 18:32:12;1;4;0;-125;677120;"168° 57' 00""E";"22° 32' 46""S";"168° 57' 00""E";"22° 32' 46""S";48;3;628;892;442;96;232;FORMAT TEMPL. 31X8-A1 ;191;211;18;112;107;193;209;50;129;210;148;24;33;131;200;27;242;08;27;17;65;208;208;66;26;184;11;144;136;32;00
154183;;6145;"22° 32' 48""S";22,5466666667;"168° 56' 31""E";168,9419444444;;;1;2016/09/25 18:36:27;0.000;464;NN;401677119.87;2016/09/25 18:28:44;1;5;0;-123;677119.9;"168° 56' 31""E";"22° 32' 48""S";"168° 56' 31""E";"22° 32' 48""S";56;3;544;2107;140;106;316;FORMAT TEMPL. 31X8-A1 ;189;178;34;112;121;66;216;00;32;120;85;65;13;32;240;75;44;54;66;81;21;236;104;131;34;169;144;137;12;210;00
154183;;6145;"22° 32' 48""S";22,5466666667;"168° 56' 31""E";168,9419444444;;;1;2016/09/25 18:36:27;0.000;464;NN;401677119.87;2016/09/25 18:32:12;1;5;0;-123;677119.9;"168° 56' 31""E";"22° 32' 48""S";"168° 56' 31""E";"22° 32' 48""S";56;3;544;2107;140;106;316;FORMAT TEMPL. 31X8-A1 ;191;211;18;112;107;193;209;50;129;210;148;24;33;131;200;27;242;08;27;17;65;208;208;66;26;184;11;144;136;32;00
154183;;6145;"22° 32' 48""S";22,5466666667;"168° 56' 31""E";168,9419444444;;;1;2016/09/25 18:36:27;0.000;464;NN;401677119.87;2016/09/25 18:33:49;1;5;0;-123;677119.9;"168° 56' 31""E";"22° 32' 48""S";"168° 56' 31""E";"22° 32' 48""S";56;3;544;2107;140;106;316;FORMAT TEMPL. 31X8-A1 ;178;219;242;112;100;192;252;60;64;181;05;209;242;06;36;91;143;144;44;194;68;124;130;135;23;232;104;19;64;00;00
154183;;6145;"22° 32' 48""S";22,5466666667;"168° 56' 31""E";168,9419444444;;;1;2016/09/25 18:36:27;0.000;464;NN;401677119.87;2016/09/25 18:35:04;1;5;0;-123;677119.9;"168° 56' 31""E";"22° 32' 48""S";"168° 56' 31""E";"22° 32' 48""S";56;3;544;2107;140;106;316;FORMAT TEMPL. 31X8-A1 ;181;96;98;112;91;193;128;36;64;197;04;217;210;00;192;106;143;16;12;66;172;05;02;199;157;227;196;24;24;00;00
154183;;6145;"22° 32' 48""S";22,5466666667;"168° 56' 31""E";168,9419444444;;;1;2016/09/25 18:36:27;0.000;464;NN;401677119.87;2016/09/25 18:36:28;1;5;0;-123;677119.9;"168° 56' 31""E";"22° 32' 48""S";"168° 56' 31""E";"22° 32' 48""S";56;3;544;2107;140;106;316;FORMAT TEMPL. 31X8-A1 ;187;63;226;112;83;193;31;02;128;181;09;193;130;10;26;107;140;16;72;194;164;64;129;168;149;226;36;27;64;00;00
154183;;6145;"22° 36' 22""S";22,6061111111;"168° 55' 59""E";168,9330555556;;;A;2016/09/25 20:06:30;0.000;380;SR;401677125.78;2016/09/25 20:03:38;1;3;0;-124;677125.8;"168° 55' 59""E";"22° 36' 22""S";"168° 55' 59""E";"22° 36' 22""S";8;3;562;961;328;160;508;FORMAT TEMPL. 31X8-A1 ;185;79;114;111;123;00;139;36;128;08;03;132;252;32;56;31;04;172;25;137;239;70;245;163;154;226;180;109;21;185;48
154183;;6145;"22° 36' 22""S";22,6061111111;"168° 55' 59""E";168,9330555556;;;A;2016/09/25 20:06:30;0.000;380;SR;401677125.78;2016/09/25 20:05:55;1;3;0;-124;677125.8;"168° 55' 59""E";"22° 36' 22""S";"168° 55' 59""E";"22° 36' 22""S";8;3;562;961;328;160;508;FORMAT TEMPL. 31X8-A1 ;222;106;34;111;121;64;14;35;187;187;187;143;123;187;187;249;91;17;83;165;27;250;108;137;158;114;158;114;139;81;116
154183;;6145;"22° 36' 22""S";22,6061111111;"168° 55' 59""E";168,9330555556;;;A;2016/09/25 20:06:30;0.000;380;SR;401677125.78;2016/09/25 20:09:58;1;3;0;-124;677125.8;"168° 55' 59""E";"22° 36' 22""S";"168° 55' 59""E";"22° 36' 22""S";8;3;562;961;328;160;508;FORMAT TEMPL. 31X8-A1 ;187;99;178;111;115;02;162;13;160;105;129;01;45;13;142;140;19;72;37;116;174;00;97;251;128;236;249;12;156;00;00
154183;;6145;;0;;0;;;;;;102;MA;401650000.00;2016/09/25 20:54:00;1;2;;;;;;;;;;;;;;;FORMAT TEMPL. 31X8-A1 ;22;114;66;111;94;20;119;178;41;90;56;45;181;02;197;159;186;227;128;125;00;182;182;;;;;;;;
154183;;6145;;0;;0;;;;;;102;MA;401650000.00;2016/09/25 20:55:42;1;2;;;;;;;;;;;;;;;FORMAT TEMPL. 31X8-A1 ;178;13;82;114;170;193;192;54;131;179;137;08;212;02;00;39;10;144;120;17;188;76;129;166;134;66;04;03;00;00;02
154184;;6145;;0;;0;;;;;;0;NK;401650000.00;2016/09/23 06:08:15;1;1;0;-135;;;;;;;;;;;;;FORMAT TEMPL. 31X8-A1 ;222;98;178;110;72;01;12;60;60;60;60;60;60;60;60;04;140;201;08;140;201;12;76;144;136;136;76;136;75;122;136
154184;;6145;;0;;0;;;;;;0;SR;401650000.00;2016/09/23 07:07:35;1;1;0;-125;;;;;;;;;;;;;FORMAT TEMPL. 31X8-A1 ;220;253;210;110;88;02;204;128;196;200;68;68;68;200;146;46;00;115;255;72;12;76;08;153;216;86;229;16;209;25;80
154184;;6145;;0;;0;;;;;;0;NK;401650000.00;2016/09/23 07:52:32;1;1;0;-127;;;;;;;;;;;;;FORMAT TEMPL. 31X8-A1 ;211;42;162;110;104;03;76;196;21;220;213;80;140;76;85;12;115;255;244;209;137;68;205;70;119;255;144;192;204;04;132
154184;;6145;;0;;0;;;;;;0;NP;401650000.00;2016/09/23 16:26:03;1;1;0;-135;;;;;;;;;;;;;FORMAT TEMPL. 31X8-A1 ;213;245;114;110;152;03;112;01;17;16;204;204;128;67;127;240;132;141;13;247;250;64;72;90;160;00;09;09;17;17;16
154184;;6145;;0;;0;;;;;;0;NN;401650000.00;2016/09/23 18:56:52;1;1;0;-126;;;;;;;;;;;;;FORMAT TEMPL. 31X8-A1 ;184;225;82;110;91;120;80;209;15;32;129;22;134;00;114;08;50;47;134;146;125;178;08;100;128;21;191;241;202;147;187
154184;;6145;;0;;0;;;;;;0;NK;401650000.00;2016/09/23 18:56:52;1;1;0;-128;;;;;;;;;;;;;FORMAT TEMPL. 31X8-A1 ;184;225;82;110;91;120;80;209;15;32;129;22;134;00;114;08;50;47;134;146;125;178;08;100;128;88;224;221;85;165;165
154184;;6145;;0;;0;;;;;;0;MA;401650000.00;2016/09/23 21:42:50;1;1;0;-130;;;;;;;;;;;;;FORMAT TEMPL. 31X8-A1 ;191;144;130;110;179;66;158;03;160;193;178;110;38;10;142;40;112;241;06;149;80;41;232;39;182;66;137;16;117;160;00
154184;;6145;;0;;0;;;;;;0;NP;401650000.00;2016/09/24 03:22:52;1;1;0;-129;;;;;;;;;;;;;FORMAT TEMPL. 31X8-A1 ;186;40;178;110;150;192;115;32;128;148;76;89;104;68;184;61;203;43;111;205;175;14;57;169;201;143;67;183;126;118;95
154184;;6145;;0;;0;;;;;;0;MA;401650000.00;2016/09/24 10:09:01;1;1;0;-124;;;;;;;;;;;;;FORMAT TEMPL. 31X8-A1 ;215;84;82;111;07;252;112;00;00;13;30;239;17;08;31;255;04;27;184;64;108;31;173;255;00;03;60;195;56;135;120
154184;;6145;;0;;0;;;;;;0;NK;401650000.00;2016/09/24 18:39:50;1;1;0;-133;;;;;;;;;;;;;FORMAT TEMPL. 31X8-A1 ;191;144;130;110;179;66;158;03;160;194;179;249;150;210;27;131;157;181;96;196;47;94;158;21;80;50;09;247;143;107;202
154184;;6145;;0;;0;;;;;;71;NN;401650000.00;2016/09/24 18:43:39;1;2;0;-133;;;;;;;;;;;;;FORMAT TEMPL. 31X8-A1 ;04;02;117;44;222;144;70;53;234;13;03;143;113;231;213;201;109;67;191;220;06;70;225;;;;;;;;
154184;;6145;;0;;0;;;;;;71;NN;401650000.00;2016/09/24 18:44:50;1;2;0;-133;;;;;;;;;;;;;FORMAT TEMPL. 31X8-A1 ;213;150;130;110;184;03;209;17;17;17;17;12;17;85;81;21;00;35;53;128;13;17;17;16;38;70;200;88;05;00;229
154184;;6145;;0;;0;;;;;;204;SR;401650000.00;2016/09/24 18:56:38;1;2;0;-122;;;;;;;;;;;;;FORMAT TEMPL. 31X8-A1 ;17;98;82;110;78;126;155;182;111;49;134;130;130;01;129;135;07;08;132;132;135;163;225;;;;;;;;
154184;;6145;;0;;0;;;;;;204;SR;401650000.00;2016/09/24 19:00:02;1;2;0;-122;;;;;;;;;;;;;FORMAT TEMPL. 31X8-A1 ;191;124;162;110;136;02;64;117;245;115;32;109;12;06;41;162;102;77;208;175;192;18;58;140;196;222;224;30;214;197;209
154184;;6145;;0;;0;;;;;;0;SR;401650000.00;2016/09/25 06:04:18;1;1;0;-127;;;;;;;;;;;;;FORMAT TEMPL. 31X8-A1 ;179;19;114;111;81;64;94;148;128;32;12;120;200;190;131;249;98;100;81;12;10;191;128;248;191;14;36;54;129;31;191
154184;;6145;;0;;0;;;;;;0;NP;401650000.00;2016/09/25 16:05:19;1;1;0;-130;;;;;;;;;;;;;FORMAT TEMPL. 31X8-A1 ;184;148;76;70;57;243;139;115;232;179;152;55;155;198;39;56;22;51;236;32;120;196;184;180;10;25;101;65;211;98;217
154184;;6145;"23° 35' 39""S";23,5941666667;"170° 02' 53""E";170,0480555556;;;1;2016/09/25 18:08:37;0.000;326;NK;401677221.63;2016/09/25 18:05:29;1;5;0;-125;677221.6;"170° 02' 53""E";"23° 35' 39""S";"174° 26' 59""E";"24° 32' 18""S";60;0;700;10019;48;99;1614;FORMAT TEMPL. 31X8-A1 ;191;164;226;113;08;00;69;06;129;86;72;168;120;42;54;71;196;64;17;161;208;117;128;201;141;162;197;53;108;00;00
154184;;6145;"23° 35' 39""S";23,5941666667;"170° 02' 53""E";170,0480555556;;;1;2016/09/25 18:08:37;0.000;326;NK;401677221.63;2016/09/25 18:07:31;1;5;0;-125;677221.6;"170° 02' 53""E";"23° 35' 39""S";"174° 26' 59""E";"24° 32' 18""S";60;0;700;10019;48;99;1614;FORMAT TEMPL. 31X8-A1 ;179;157;98;112;250;192;153;00;149;237;192;146;28;148;141;151;17;16;92;108;135;134;131;195;68;148;44;26;219;00;00
154184;;6145;"23° 35' 39""S";23,5941666667;"170° 02' 53""E";170,0480555556;;;1;2016/09/25 18:08:37;0.000;326;NK;401677221.63;2016/09/25 18:09:11;1;5;0;-125;677221.6;"170° 02' 53""E";"23° 35' 39""S";"174° 26' 59""E";"24° 32' 18""S";60;0;700;10019;48;99;1614;FORMAT TEMPL. 31X8-A1 ;190;175;226;112;238;01;250;54;69;230;136;32;69;48;170;217;05;238;123;80;125;06;167;212;175;205;76;41;228;38;13
154184;;6145;"23° 35' 39""S";23,5941666667;"170° 02' 53""E";170,0480555556;;;1;2016/09/25 18:08:37;0.000;326;NK;401677221.63;2016/09/25 18:10:02;1;5;0;-125;677221.6;"170° 02' 53""E";"23° 35' 39""S";"174° 26' 59""E";"24° 32' 18""S";60;0;700;10019;48;99;1614;FORMAT TEMPL. 31X8-A1 ;33;21;210;112;00;61;33;85;231;16;22;173;134;116;105;12;81;186;166;;;;;;;;;;;;
154184;;6145;"23° 35' 39""S";23,5941666667;"170° 02' 53""E";170,0480555556;;;1;2016/09/25 18:08:37;0.000;326;NK;401677221.63;2016/09/25 18:10:55;1;5;0;-125;677221.6;"170° 02' 53""E";"23° 35' 39""S";"174° 26' 59""E";"24° 32' 18""S";60;0;700;10019;48;99;1614;FORMAT TEMPL. 31X8-A1 ;185;05;02;112;225;128;232;54;66;181;212;192;17;06;12;159;03;68;47;101;66;70;08;124;210;144;206;145;21;160;00
154184;;6145;;0;;0;;;;;;73;SR;401650000.00;2016/09/25 18:24:21;1;2;0;-127;;;;;;;;;;;;;FORMAT TEMPL. 31X8-A1 ;181;118;02;112;148;129;48;28;65;182;149;24;04;64;78;125;205;115;01;217;252;24;38;192;96;80;113;02;75;03;147
154184;;6145;;0;;0;;;;;;73;SR;401650000.00;2016/09/25 18:25:34;1;2;0;-127;;;;;;;;;;;;;FORMAT TEMPL. 31X8-A1 ;17;196;147;112;22;108;220;126;49;30;205;232;111;96;246;86;233;55;130;120;43;12;56;;;;;;;;
154184;;6145;;0;;0;;;;;;187;NN;401650000.00;2016/09/25 18:32:32;1;3;0;-123;;;;;;;;;;;;;FORMAT TEMPL. 31X8-A1 ;185;04;50;112;118;00;222;20;64;16;15;80;242;56;186;36;68;17;45;208;190;29;144;106;165;180;83;68;176;140;40
154184;;6145;;0;;0;;;;;;187;NN;401650000.00;2016/09/25 18:34:48;1;3;0;-123;;;;;;;;;;;;;FORMAT TEMPL. 31X8-A1 ;187;07;162;114;80;35;172;252;20;12;200;42;06;102;255;07;45;184;83;149;46;175;173;18;226;01;34;19;39;19;197
154184;;6145;;0;;0;;;;;;187;NN;401650000.00;2016/09/25 18:35:39;1;3;0;-123;;;;;;;;;;;;;FORMAT TEMPL. 31X8-A1 ;177;172;178;112;104;65;102;59;78;106;94;206;92;09;68;132;128;247;159;229;66;148;27;208;88;94;156;252;105;105;160
154184;;6145;;0;;0;;;;;;0;SR;401650000.00;2016/09/25 20:06:42;1;1;0;-138;;;;;;;;;;;;;FORMAT TEMPL. 31X8-A1 ;17;98;119;152;05;35;25;188;61;50;103;96;100;182;17;128;179;124;226;03;158;03;96;;;;;;;;
154187;;6145;;0;;0;;;;;;0;NP;401650000.00;2016/09/24 03:17:45;1;1;0;-140;;;;;;;;;;;;;FORMAT TEMPL. 31X8-A1 ;04;02;112;52;84;83;224;49;135;213;159;246;64;244;123;245;100;04;66;127;192;144;00;;;;;;;;
154187;;6145;;0;;0;;;;;;0;NP;401650000.00;2016/09/24 04:56:58;1;1;0;-140;;;;;;;;;;;;;FORMAT TEMPL. 31X8-A1 ;61;225;162;156;224;128;65;194;176;59;184;;;;;;;;;;;;;;;;;;;;
154187;;6145;;0;;0;;;;;;0;SR;401650000.00;2016/09/24 06:33:53;1;1;0;-131;;;;;;;;;;;;;FORMAT TEMPL. 31X8-A1 ;21;01;34;28;114;111;241;145;62;71;00;;;;;;;;;;;;;;;;;;;;
154187;;6145;;0;;0;;;;;;0;NK;401650000.00;2016/09/24 07:22:41;1;1;0;-135;;;;;;;;;;;;;FORMAT TEMPL. 31X8-A1 ;17;75;98;28;82;123;143;;;;;;;;;;;;;;;;;;;;;;;;
154187;;6145;;0;;0;;;;;;0;NN;401650000.00;2016/09/24 07:29:37;1;1;0;-126;;;;;;;;;;;;;FORMAT TEMPL. 31X8-A1 ;61;107;162;28;65;128;65;128;00;00;00;;;;;;;;;;;;;;;;;;;;
154187;;6145;;0;;0;;;;;;0;MA;401650000.00;2016/09/24 10:05:57;1;1;0;-122;;;;;;;;;;;;;FORMAT TEMPL. 31X8-A1 ;21;01;34;28;114;111;241;145;63;184;240;;;;;;;;;;;;;;;;;;;;
154187;;6145;;0;;0;;;;;;0;MA;401650000.00;2016/09/24 11:45:48;1;1;0;-131;;;;;;;;;;;;;FORMAT TEMPL. 31X8-A1 ;49;227;178;28;193;128;65;128;00;00;00;;;;;;;;;;;;;;;;;;;;
154187;;6145;;0;;0;;;;;;310;NP;401650000.00;2016/09/24 14:38:40;1;2;0;-127;;;;;;;;;;;;;FORMAT TEMPL. 31X8-A1 ;177;106;146;112;03;128;191;44;128;52;73;89;164;00;192;68;200;32;02;03;110;73;128;48;20;210;72;00;128;00;00
154187;;6145;;0;;0;;;;;;310;NP;401650000.00;2016/09/24 14:43:50;1;2;0;-127;;;;;;;;;;;;;FORMAT TEMPL. 31X8-A1 ;49;133;178;28;161;128;65;128;00;00;00;;;;;;;;;;;;;;;;;;;;
154187;;6145;;0;;0;;;;;;235;NP;401650000.00;2016/09/24 16:18:51;1;2;0;-136;;;;;;;;;;;;;FORMAT TEMPL. 31X8-A1 ;63;45;162;27;97;128;65;192;00;64;00;;;;;;;;;;;;;;;;;;;;
154187;;6145;;0;;0;;;;;;235;NP;401650000.00;2016/09/24 16:22:46;1;2;0;-136;;;;;;;;;;;;;FORMAT TEMPL. 31X8-A1 ;184;207;66;112;227;128;239;48;65;215;75;217;18;00;64;109;139;144;02;01;196;48;136;46;140;192;229;81;94;00;00
154187;;6145;;0;;0;;;;;;195;NK;401650000.00;2016/09/24 18:35:12;1;2;0;-124;;;;;;;;;;;;;FORMAT TEMPL. 31X8-A1 ;176;230;242;112;129;192;148;26;64;08;03;112;178;00;192;171;241;166;41;115;202;38;160;132;231;133;112;98;00;64;00
154187;;6145;;0;;0;;;;;;195;NK;401650000.00;2016/09/24 18:38:27;1;2;0;-124;;;;;;;;;;;;;FORMAT TEMPL. 31X8-A1 ;16;151;194;27;114;02;126;144;111;60;00;;;;;;;;;;;;;;;;;;;;
154187;;6145;;0;;0;;;;;;470;NN;401650000.00;2016/09/24 18:42:26;1;3;0;-124;;;;;;;;;;;;;FORMAT TEMPL. 31X8-A1 ;63;45;162;27;97;128;65;128;00;00;00;;;;;;;;;;;;;;;;;;;;
154187;;6145;;0;;0;;;;;;470;NN;401650000.00;2016/09/24 18:46:36;1;3;0;-124;;;;;;;;;;;;;FORMAT TEMPL. 31X8-A1 ;29;83;242;111;124;02;07;17;13;08;134;04;132;02;131;218;133;00;00;;;;;;;;;;;;
154187;;6145;;0;;0;;;;;;470;NN;401650000.00;2016/09/24 18:50:16;1;3;0;-124;;;;;;;;;;;;;FORMAT TEMPL. 31X8-A1 ;23;123;146;28;242;05;251;16;188;00;00;;;;;;;;;;;;;;;;;;;;
154187;;6145;"22° 17' 12""S";22,2866666667;"168° 48' 01""E";168,8002777778;;;A;2016/09/24 18:58:25;0.000;493;SR;401677175.69;2016/09/24 18:54:39;1;3;0;-127;677175.7;"168° 48' 01""E";"22° 17' 12""S";"169° 52' 02""E";"22° 02' 43""S";0;0;0;0;0;81;4019;FORMAT TEMPL. 31X8-A1 ;61;193;162;28;225;128;65;128;00;00;00;;;;;;;;;;;;;;;;;;;;
154187;;6145;"22° 17' 12""S";22,2866666667;"168° 48' 01""E";168,8002777778;;;A;2016/09/24 18:58:25;0.000;493;SR;401677175.69;2016/09/24 18:57:44;1;3;0;-127;677175.7;"168° 48' 01""E";"22° 17' 12""S";"169° 52' 02""E";"22° 02' 43""S";0;0;0;0;0;81;4019;FORMAT TEMPL. 31X8-A1 ;26;113;194;28;226;04;252;16;188;00;00;;;;;;;;;;;;;;;;;;;;
154187;;6145;"22° 17' 12""S";22,2866666667;"168° 48' 01""E";168,8002777778;;;A;2016/09/24 18:58:25;0.000;493;SR;401677175.69;2016/09/24 19:02:52;1;3;0;-127;677175.7;"168° 48' 01""E";"22° 17' 12""S";"169° 52' 02""E";"22° 02' 43""S";0;0;0;0;0;81;4019;FORMAT TEMPL. 31X8-A1 ;61;242;162;28;209;128;65;128;00;00;00;;;;;;;;;;;;;;;;;;;;
154187;;6145;"22° 11' 09""S";22,1858333333;"168° 51' 38""E";168,8605555556;;;B;2016/09/24 22:11:07;0.000;0;MB;401677135.60;2016/09/24 22:11:07;1;1;0;-125;677135.6;"168° 51' 38""E";"22° 11' 09""S";"168° 51' 38""E";"22° 11' 09""S";8;2;1929;5600;664;97;5448;FORMAT TEMPL. 31X8-A1 ;04;164;255;98;170;06;241;49;151;214;15;246;64;244;123;253;88;04;67;05;85;89;64;;;;;;;;
154187;;6145;"22° 10' 52""S";22,1811111111;"168° 51' 06""E";168,8516666667;;;B;2016/09/24 22:54:57;0.000;0;MA;401677157.44;2016/09/24 22:54:58;1;1;0;-131;677157.4;"168° 51' 06""E";"22° 10' 52""S";"168° 51' 06""E";"22° 10' 52""S";6;3;2070;4558;939;96;5838;FORMAT TEMPL. 31X8-A1 ;72;81;66;28;81;128;00;;;;;;;;;;;;;;;;;;;;;;;;
154187;;6145;"21° 57' 01""S";21,9502777778;"168° 55' 47""E";168,9297222222;;;B;2016/09/25 04:49:58;0.000;0;NP;401677171.04;2016/09/25 04:49:59;1;1;0;-137;677171;"168° 55' 47""E";"21° 57' 01""S";"168° 55' 47""E";"21° 57' 01""S";8;3;2978;6082;1457;79;8418;FORMAT TEMPL. 31X8-A1 ;22;126;66;112;14;82;127;109;74;30;23;20;13;08;136;22;135;130;128;128;00;00;00;;;;;;;;
154187;;6145;"22° 03' 09""S";22,0525;"168° 41' 18""E";168,6883333333;;;A;2016/09/25 06:07:50;0.000;377;SR;401677173.66;2016/09/25 06:03:56;1;3;0;-127;677173.7;"168° 41' 18""E";"22° 03' 09""S";"168° 41' 18""E";"22° 03' 09""S";8;3;2158;13131;354;51;1168;FORMAT TEMPL. 31X8-A1 ;22;126;66;112;14;82;127;109;74;30;23;20;13;08;136;22;135;130;128;128;00;00;16;;;;;;;;
154187;;6145;"22° 03' 09""S";22,0525;"168° 41' 18""E";168,6883333333;;;A;2016/09/25 06:07:50;0.000;377;SR;401677173.66;2016/09/25 06:09:23;1;3;0;-127;677173.7;"168° 41' 18""E";"22° 03' 09""S";"168° 41' 18""E";"22° 03' 09""S";8;3;2158;13131;354;51;1168;FORMAT TEMPL. 31X8-A1 ;187;94;114;113;85;128;202;22;64;08;04;144;162;00;64;07;05;19;225;03;94;52;233;157;05;255;62;00;105;143;211
154187;;6145;"22° 03' 09""S";22,0525;"168° 41' 18""E";168,6883333333;;;A;2016/09/25 06:07:50;0.000;377;SR;401677173.66;2016/09/25 06:10:13;1;3;0;-127;677173.7;"168° 41' 18""E";"22° 03' 09""S";"168° 41' 18""E";"22° 03' 09""S";8;3;2158;13131;354;51;1168;FORMAT TEMPL. 31X8-A1 ;32;30;130;111;112;155;14;96;00;00;00;;;;;;;;;;;;;;;;;;;;
154187;;6145;"22° 02' 35""S";22,0430555556;"168° 39' 22""E";168,6561111111;;;B;2016/09/25 06:57:47;0.000;0;NK;401677171.48;2016/09/25 06:57:48;1;1;0;-131;677171.5;"168° 39' 22""E";"22° 02' 35""S";"168° 39' 22""E";"22° 02' 35""S";8;3;5476;6546;4580;62;2968;FORMAT TEMPL. 31X8-A1 ;32;30;130;111;112;155;14;96;00;00;00;;;;;;;;;;;;;;;;;;;;
154187;;6145;"21° 56' 26""S";21,9405555556;"168° 28' 25""E";168,4736111111;;;B;2016/09/25 14:27:20;0.000;352;NP;401677204.10;2016/09/25 14:21:28;1;2;0;-133;677204.1;"168° 28' 25""E";"21° 56' 26""S";"168° 28' 25""E";"21° 56' 26""S";8;2;6112;177034;211;135;5735;FORMAT TEMPL. 31X8-A1 ;32;30;130;111;112;155;14;96;00;00;00;;;;;;;;;;;;;;;;;;;;
154187;;6145;"21° 56' 26""S";21,9405555556;"168° 28' 25""E";168,4736111111;;;B;2016/09/25 14:27:20;0.000;352;NP;401677204.10;2016/09/25 14:27:20;1;2;0;-133;677204.1;"168° 28' 25""E";"21° 56' 26""S";"168° 28' 25""E";"21° 56' 26""S";8;2;6112;177034;211;135;5735;FORMAT TEMPL. 31X8-A1 ;29;83;242;111;124;02;07;17;13;37;203;140;143;168;130;242;73;45;248;;;;;;;;;;;;
154187;;6145;"22° 07' 42""S";22,1283333333;"168° 30' 03""E";168,5008333333;;;A;2016/09/25 18:08:07;0.000;348;NK;401677173.07;2016/09/25 18:05:23;1;3;0;-127;677173.1;"168° 30' 03""E";"22° 07' 42""S";"168° 30' 03""E";"22° 07' 42""S";8;3;603;7945;45;107;1276;FORMAT TEMPL. 31X8-A1 ;177;123;130;112;89;00;250;62;64;08;20;26;97;128;16;31;48;232;00;128;229;05;64;218;104;209;81;93;85;144;21
154187;;6145;"22° 07' 42""S";22,1283333333;"168° 30' 03""E";168,5008333333;;;A;2016/09/25 18:08:07;0.000;348;NK;401677173.07;2016/09/25 18:07:51;1;3;0;-127;677173.1;"168° 30' 03""E";"22° 07' 42""S";"168° 30' 03""E";"22° 07' 42""S";8;3;603;7945;45;107;1276;FORMAT TEMPL. 31X8-A1 ;40;44;217;118;104;219;32;181;220;179;182;58;167;127;128;;;;;;;;;;;;;;;;
154187;;6145;"22° 07' 42""S";22,1283333333;"168° 30' 03""E";168,5008333333;;;A;2016/09/25 18:08:07;0.000;348;NK;401677173.07;2016/09/25 18:11:11;1;3;0;-127;677173.1;"168° 30' 03""E";"22° 07' 42""S";"168° 30' 03""E";"22° 07' 42""S";8;3;603;7945;45;107;1276;FORMAT TEMPL. 31X8-A1 ;22;126;66;112;14;82;127;109;74;30;23;20;13;08;136;22;135;130;128;128;00;00;00;;;;;;;;
154187;;6145;"22° 07' 31""S";22,1252777778;"168° 28' 52""E";168,4811111111;;;B;2016/09/25 18:36:47;0.000;450;NN;401677171.01;2016/09/25 18:29:18;1;2;0;-131;677171;"168° 28' 52""E";"22° 07' 31""S";"168° 28' 52""E";"22° 07' 31""S";6;3;925;10649;80;130;2599;FORMAT TEMPL. 31X8-A1 ;40;44;178;112;00;126;129;02;124;09;16;96;64;00;00;;;;;;;;;;;;;;;;
154187;;6145;"22° 07' 31""S";22,1252777778;"168° 28' 52""E";168,4811111111;;;B;2016/09/25 18:36:47;0.000;450;NN;401677171.01;2016/09/25 18:36:48;1;2;0;-131;677171;"168° 28' 52""E";"22° 07' 31""S";"168° 28' 52""E";"22° 07' 31""S";6;3;925;10649;80;130;2599;FORMAT TEMPL. 31X8-A1 ;186;116;178;112;57;130;162;193;176;61;179;110;33;128;16;43;224;233;00;96;39;81;144;01;00;122;38;64;08;00;00
154187;;6145;"22° 05' 22""S";22,0894444444;"168° 32' 04""E";168,5344444444;;;B;2016/09/25 18:29:18;0.000;0;SR;401677141.75;2016/09/25 18:29:18;1;1;0;-128;677141.8;"168° 32' 04""E";"22° 05' 22""S";"168° 32' 04""E";"22° 05' 22""S";8;3;1828;3051;1095;75;5163;FORMAT TEMPL. 31X8-A1 ;40;44;178;112;00;126;129;02;124;09;16;96;64;00;00;;;;;;;;;;;;;;;;
